pos,who_artr_region,seq_ref,pos_in_codon,codon_num
1,FALSE,A,1,1
2,FALSE,T,2,1
3,FALSE,G,3,1
4,FALSE,G,1,2
5,FALSE,A,2,2
6,FALSE,A,3,2
7,FALSE,G,1,3
8,FALSE,G,2,3
9,FALSE,A,3,3
10,FALSE,G,1,4
11,FALSE,A,2,4
12,FALSE,A,3,4
13,FALSE,A,1,5
14,FALSE,A,2,5
15,FALSE,A,3,5
16,FALSE,G,1,6
17,FALSE,T,2,6
18,FALSE,A,3,6
19,FALSE,A,1,7
20,FALSE,A,2,7
21,FALSE,A,3,7
22,FALSE,A,1,8
23,FALSE,C,2,8
24,FALSE,A,3,8
25,FALSE,A,1,9
26,FALSE,A,2,9
27,FALSE,A,3,9
28,FALSE,G,1,10
29,FALSE,C,2,10
30,FALSE,A,3,10
31,FALSE,A,1,11
32,FALSE,A,2,11
33,FALSE,T,3,11
34,FALSE,A,1,12
35,FALSE,G,2,12
36,FALSE,T,3,12
37,FALSE,A,1,13
38,FALSE,T,2,13
39,FALSE,C,3,13
40,FALSE,T,1,14
41,FALSE,C,2,14
42,FALSE,G,3,14
43,FALSE,A,1,15
44,FALSE,A,2,15
45,FALSE,T,3,15
46,FALSE,T,1,16
47,FALSE,T,2,16
48,FALSE,T,3,16
49,FALSE,T,1,17
50,FALSE,C,2,17
51,FALSE,T,3,17
52,FALSE,A,1,18
53,FALSE,T,2,18
54,FALSE,G,3,18
55,FALSE,A,1,19
56,FALSE,C,2,19
57,FALSE,G,3,19
58,FALSE,T,1,20
59,FALSE,A,2,20
60,FALSE,T,3,20
61,FALSE,G,1,21
62,FALSE,A,2,21
63,FALSE,T,3,21
64,FALSE,A,1,22
65,FALSE,G,2,22
66,FALSE,G,3,22
67,FALSE,G,1,23
68,FALSE,A,2,23
69,FALSE,A,3,23
70,FALSE,T,1,24
71,FALSE,C,2,24
72,FALSE,T,3,24
73,FALSE,G,1,25
74,FALSE,G,2,25
75,FALSE,T,3,25
76,FALSE,G,1,26
77,FALSE,G,2,26
78,FALSE,T,3,26
79,FALSE,A,1,27
80,FALSE,A,2,27
81,FALSE,C,3,27
82,FALSE,A,1,28
83,FALSE,G,2,28
84,FALSE,C,3,28
85,FALSE,A,1,29
86,FALSE,A,2,29
87,FALSE,T,3,29
88,FALSE,A,1,30
89,FALSE,G,2,30
90,FALSE,T,3,30
91,FALSE,G,1,31
92,FALSE,A,2,31
93,FALSE,T,3,31
94,FALSE,G,1,32
95,FALSE,A,2,32
96,FALSE,T,3,32
97,FALSE,A,1,33
98,FALSE,A,2,33
99,FALSE,A,3,33
100,FALSE,A,1,34
101,FALSE,G,2,34
102,FALSE,C,3,34
103,FALSE,G,1,35
104,FALSE,G,2,35
105,FALSE,A,3,35
106,FALSE,A,1,36
107,FALSE,G,2,36
108,FALSE,T,3,36
109,FALSE,A,1,37
110,FALSE,G,2,37
111,FALSE,T,3,37
112,FALSE,A,1,38
113,FALSE,G,2,38
114,FALSE,C,3,38
115,FALSE,G,1,39
116,FALSE,A,2,39
117,FALSE,G,3,39
118,FALSE,A,1,40
119,FALSE,A,2,40
120,FALSE,T,3,40
121,FALSE,G,1,41
122,FALSE,A,2,41
123,FALSE,T,3,41
124,FALSE,T,1,42
125,FALSE,C,2,42
126,FALSE,T,3,42
127,FALSE,A,1,43
128,FALSE,A,2,43
129,FALSE,T,3,43
130,FALSE,T,1,44
131,FALSE,C,2,44
132,FALSE,A,3,44
133,FALSE,T,1,45
134,FALSE,T,2,45
135,FALSE,T,3,45
136,FALSE,A,1,46
137,FALSE,T,2,46
138,FALSE,G,3,46
139,FALSE,A,1,47
140,FALSE,A,2,47
141,FALSE,T,3,47
142,FALSE,C,1,48
143,FALSE,T,2,48
144,FALSE,A,3,48
145,FALSE,A,1,49
146,FALSE,C,2,49
147,FALSE,T,3,49
148,FALSE,A,1,50
149,FALSE,G,2,50
150,FALSE,T,3,50
151,FALSE,G,1,51
152,FALSE,A,2,51
153,FALSE,T,3,51
154,FALSE,A,1,52
155,FALSE,A,2,52
156,FALSE,A,3,52
157,FALSE,A,1,53
158,FALSE,A,2,53
159,FALSE,T,3,53
160,FALSE,G,1,54
161,FALSE,A,2,54
162,FALSE,G,3,54
163,FALSE,A,1,55
164,FALSE,A,2,55
165,FALSE,A,3,55
166,FALSE,A,1,56
167,FALSE,C,2,56
168,FALSE,G,3,56
169,FALSE,G,1,57
170,FALSE,A,2,57
171,FALSE,A,3,57
172,FALSE,A,1,58
173,FALSE,A,2,58
174,FALSE,T,3,58
175,FALSE,A,1,59
176,FALSE,A,2,59
177,FALSE,T,3,59
178,FALSE,A,1,60
179,FALSE,G,2,60
180,FALSE,T,3,60
181,FALSE,T,1,61
182,FALSE,T,2,61
183,FALSE,C,3,61
184,FALSE,C,1,62
185,FALSE,T,2,62
186,FALSE,T,3,62
187,FALSE,T,1,63
188,FALSE,T,2,63
189,FALSE,A,3,63
190,FALSE,A,1,64
191,FALSE,A,2,64
192,FALSE,T,3,64
193,FALSE,A,1,65
194,FALSE,A,2,65
195,FALSE,T,3,65
196,FALSE,A,1,66
197,FALSE,G,2,66
198,FALSE,T,3,66
199,FALSE,A,1,67
200,FALSE,G,2,67
201,FALSE,T,3,67
202,FALSE,T,1,68
203,FALSE,A,2,68
204,FALSE,T,3,68
205,FALSE,G,1,69
206,FALSE,G,2,69
207,FALSE,A,3,69
208,FALSE,A,1,70
209,FALSE,A,2,70
210,FALSE,T,3,70
211,FALSE,G,1,71
212,FALSE,T,2,71
213,FALSE,T,3,71
214,FALSE,A,1,72
215,FALSE,A,2,72
216,FALSE,A,3,72
217,FALSE,G,1,73
218,FALSE,A,2,73
219,FALSE,T,3,73
220,FALSE,A,1,74
221,FALSE,G,2,74
222,FALSE,C,3,74
223,FALSE,C,1,75
224,FALSE,T,2,75
225,FALSE,A,3,75
226,FALSE,T,1,76
227,FALSE,T,2,76
228,FALSE,A,3,76
229,FALSE,G,1,77
230,FALSE,A,2,77
231,FALSE,A,3,77
232,FALSE,T,1,78
233,FALSE,C,2,78
234,FALSE,C,3,78
235,FALSE,A,1,79
236,FALSE,T,2,79
237,FALSE,T,3,79
238,FALSE,G,1,80
239,FALSE,A,2,80
240,FALSE,T,3,80
241,FALSE,A,1,81
242,FALSE,T,2,81
243,FALSE,G,3,81
244,FALSE,A,1,82
245,FALSE,G,2,82
246,FALSE,T,3,82
247,FALSE,G,1,83
248,FALSE,T,2,83
249,FALSE,A,3,83
250,FALSE,T,1,84
251,FALSE,T,2,84
252,FALSE,A,3,84
253,FALSE,G,1,85
254,FALSE,A,2,85
255,FALSE,T,3,85
256,FALSE,T,1,86
257,FALSE,C,2,86
258,FALSE,G,3,86
259,FALSE,A,1,87
260,FALSE,A,2,87
261,FALSE,C,3,87
262,FALSE,T,1,88
263,FALSE,T,2,88
264,FALSE,T,3,88
265,FALSE,G,1,89
266,FALSE,A,2,89
267,FALSE,T,3,89
268,FALSE,A,1,90
269,FALSE,G,2,90
270,FALSE,T,3,90
271,FALSE,A,1,91
272,FALSE,A,2,91
273,FALSE,A,3,91
274,FALSE,A,1,92
275,FALSE,A,2,92
276,FALSE,A,3,92
277,FALSE,G,1,93
278,FALSE,A,2,93
279,FALSE,T,3,93
280,FALSE,T,1,94
281,FALSE,T,2,94
282,FALSE,T,3,94
283,FALSE,T,1,95
284,FALSE,T,2,95
285,FALSE,A,3,95
286,FALSE,C,1,96
287,FALSE,C,2,96
288,FALSE,A,3,96
289,FALSE,A,1,97
290,FALSE,G,2,97
291,FALSE,T,3,97
292,FALSE,A,1,98
293,FALSE,A,2,98
294,FALSE,T,3,98
295,FALSE,T,1,99
296,FALSE,T,2,99
297,FALSE,A,3,99
298,FALSE,T,1,100
299,FALSE,C,2,100
300,FALSE,A,3,100
301,FALSE,A,1,101
302,FALSE,G,2,101
303,FALSE,A,3,101
304,FALSE,A,1,102
305,FALSE,C,2,102
306,FALSE,A,3,102
307,FALSE,T,1,103
308,FALSE,T,2,103
309,FALSE,T,3,103
310,FALSE,A,1,104
311,FALSE,A,2,104
312,FALSE,T,3,104
313,FALSE,A,1,105
314,FALSE,A,2,105
315,FALSE,T,3,105
316,FALSE,A,1,106
317,FALSE,T,2,106
318,FALSE,G,3,106
319,FALSE,T,1,107
320,FALSE,C,2,107
321,FALSE,T,3,107
322,FALSE,A,1,108
323,FALSE,A,2,108
324,FALSE,A,3,108
325,FALSE,G,1,109
326,FALSE,A,2,109
327,FALSE,T,3,109
328,FALSE,A,1,110
329,FALSE,A,2,110
330,FALSE,T,3,110
331,FALSE,A,1,111
332,FALSE,T,2,111
333,FALSE,A,3,111
334,FALSE,G,1,112
335,FALSE,G,2,112
336,FALSE,A,3,112
337,FALSE,A,1,113
338,FALSE,A,2,113
339,FALSE,T,3,113
340,FALSE,A,1,114
341,FALSE,A,2,114
342,FALSE,A,3,114
343,FALSE,T,1,115
344,FALSE,A,2,115
345,FALSE,T,3,115
346,FALSE,T,1,116
347,FALSE,T,2,116
348,FALSE,A,3,116
349,FALSE,A,1,117
350,FALSE,A,2,117
351,FALSE,T,3,117
352,FALSE,A,1,118
353,FALSE,A,2,118
354,FALSE,A,3,118
355,FALSE,T,1,119
356,FALSE,T,2,119
357,FALSE,G,3,119
358,FALSE,T,1,120
359,FALSE,T,2,120
360,FALSE,A,3,120
361,FALSE,A,1,121
362,FALSE,A,2,121
363,FALSE,T,3,121
364,FALSE,A,1,122
365,FALSE,A,2,122
366,FALSE,A,3,122
367,FALSE,A,1,123
368,FALSE,A,2,123
369,FALSE,A,3,123
370,FALSE,A,1,124
371,FALSE,A,2,124
372,FALSE,A,3,124
373,FALSE,G,1,125
374,FALSE,A,2,125
375,FALSE,T,3,125
376,FALSE,A,1,126
377,FALSE,C,2,126
378,FALSE,T,3,126
379,FALSE,A,1,127
380,FALSE,T,2,127
381,FALSE,T,3,127
382,FALSE,A,1,128
383,FALSE,C,2,128
384,FALSE,A,3,128
385,FALSE,A,1,129
386,FALSE,A,2,129
387,FALSE,T,3,129
388,FALSE,G,1,130
389,FALSE,A,2,130
390,FALSE,A,3,130
391,FALSE,A,1,131
392,FALSE,A,2,131
393,FALSE,T,3,131
394,FALSE,A,1,132
395,FALSE,A,2,132
396,FALSE,T,3,132
397,FALSE,A,1,133
398,FALSE,A,2,133
399,FALSE,T,3,133
400,FALSE,A,1,134
401,FALSE,T,2,134
402,FALSE,T,3,134
403,FALSE,A,1,135
404,FALSE,A,2,135
405,FALSE,T,3,135
406,FALSE,C,1,136
407,FALSE,A,2,136
408,FALSE,T,3,136
409,FALSE,A,1,137
410,FALSE,A,2,137
411,FALSE,T,3,137
412,FALSE,A,1,138
413,FALSE,A,2,138
414,FALSE,T,3,138
415,FALSE,A,1,139
416,FALSE,A,2,139
417,FALSE,T,3,139
418,FALSE,A,1,140
419,FALSE,A,2,140
420,FALSE,T,3,140
421,FALSE,A,1,141
422,FALSE,A,2,141
423,FALSE,T,3,141
424,FALSE,A,1,142
425,FALSE,A,2,142
426,FALSE,T,3,142
427,FALSE,C,1,143
428,FALSE,T,2,143
429,FALSE,G,3,143
430,FALSE,A,1,144
431,FALSE,C,2,144
432,FALSE,A,3,144
433,FALSE,G,1,145
434,FALSE,C,2,145
435,FALSE,A,3,145
436,FALSE,A,1,146
437,FALSE,A,2,146
438,FALSE,T,3,146
439,FALSE,A,1,147
440,FALSE,A,2,147
441,FALSE,T,3,147
442,FALSE,A,1,148
443,FALSE,T,2,148
444,FALSE,A,3,148
445,FALSE,A,1,149
446,FALSE,C,2,149
447,FALSE,T,3,149
448,FALSE,A,1,150
449,FALSE,A,2,150
450,FALSE,T,3,150
451,FALSE,A,1,151
452,FALSE,A,2,151
453,FALSE,T,3,151
454,FALSE,C,1,152
455,FALSE,T,2,152
456,FALSE,T,3,152
457,FALSE,A,1,153
458,FALSE,T,2,153
459,FALSE,T,3,153
460,FALSE,A,1,154
461,FALSE,A,2,154
462,FALSE,T,3,154
463,FALSE,A,1,155
464,FALSE,A,2,155
465,FALSE,T,3,155
466,FALSE,A,1,156
467,FALSE,A,2,156
468,FALSE,T,3,156
469,FALSE,A,1,157
470,FALSE,T,2,157
471,FALSE,G,3,157
472,FALSE,A,1,158
473,FALSE,A,2,158
474,FALSE,T,3,158
475,FALSE,T,1,159
476,FALSE,C,2,159
477,FALSE,T,3,159
478,FALSE,C,1,160
479,FALSE,C,2,160
480,FALSE,A,3,160
481,FALSE,T,1,161
482,FALSE,C,2,161
483,FALSE,A,3,161
484,FALSE,A,1,162
485,FALSE,T,2,162
486,FALSE,T,3,162
487,FALSE,A,1,163
488,FALSE,T,2,163
489,FALSE,G,3,163
490,FALSE,A,1,164
491,FALSE,A,2,164
492,FALSE,T,3,164
493,FALSE,A,1,165
494,FALSE,C,2,165
495,FALSE,C,3,165
496,FALSE,A,1,166
497,FALSE,A,2,166
498,FALSE,C,3,166
499,FALSE,A,1,167
500,FALSE,A,2,167
501,FALSE,A,3,167
502,FALSE,A,1,168
503,FALSE,A,2,168
504,FALSE,A,3,168
505,FALSE,G,1,169
506,FALSE,A,2,169
507,FALSE,G,3,169
508,FALSE,A,1,170
509,FALSE,A,2,170
510,FALSE,T,3,170
511,FALSE,T,1,171
512,FALSE,T,2,171
513,FALSE,T,3,171
514,FALSE,T,1,172
515,FALSE,T,2,172
516,FALSE,A,3,172
517,FALSE,G,1,173
518,FALSE,A,2,173
519,FALSE,T,3,173
520,FALSE,G,1,174
521,FALSE,C,2,174
522,FALSE,A,3,174
523,FALSE,G,1,175
524,FALSE,C,2,175
525,FALSE,A,3,175
526,FALSE,A,1,176
527,FALSE,A,2,176
528,FALSE,T,3,176
529,FALSE,C,1,177
530,FALSE,T,2,177
531,FALSE,T,3,177
532,FALSE,A,1,178
533,FALSE,T,2,178
534,FALSE,A,3,178
535,FALSE,A,1,179
536,FALSE,A,2,179
537,FALSE,T,3,179
538,FALSE,G,1,180
539,FALSE,A,2,180
540,FALSE,T,3,180
541,FALSE,G,1,181
542,FALSE,A,2,181
543,FALSE,T,3,181
544,FALSE,T,1,182
545,FALSE,C,2,182
546,FALSE,T,3,182
547,FALSE,G,1,183
548,FALSE,G,2,183
549,FALSE,A,3,183
550,FALSE,T,1,184
551,FALSE,T,2,184
552,FALSE,A,3,184
553,FALSE,A,1,185
554,FALSE,A,2,185
555,FALSE,C,3,185
556,FALSE,A,1,186
557,FALSE,A,2,186
558,FALSE,T,3,186
559,FALSE,T,1,187
560,FALSE,T,2,187
561,FALSE,A,3,187
562,FALSE,A,1,188
563,FALSE,A,2,188
564,FALSE,A,3,188
565,FALSE,A,1,189
566,FALSE,A,2,189
567,FALSE,A,3,189
568,FALSE,T,1,190
569,FALSE,T,2,190
570,FALSE,T,3,190
571,FALSE,T,1,191
572,FALSE,C,2,191
573,FALSE,A,3,191
574,FALSE,A,1,192
575,FALSE,C,2,192
576,FALSE,T,3,192
577,FALSE,G,1,193
578,FALSE,T,2,193
579,FALSE,A,3,193
580,FALSE,A,1,194
581,FALSE,A,2,194
582,FALSE,T,3,194
583,FALSE,A,1,195
584,FALSE,A,2,195
585,FALSE,T,3,195
586,FALSE,G,1,196
587,FALSE,T,2,196
588,FALSE,A,3,196
589,FALSE,A,1,197
590,FALSE,A,2,197
591,FALSE,T,3,197
592,FALSE,G,1,198
593,FALSE,A,2,198
594,FALSE,T,3,198
595,FALSE,A,1,199
596,FALSE,C,2,199
597,FALSE,T,3,199
598,FALSE,T,1,200
599,FALSE,A,2,200
600,FALSE,T,3,200
601,FALSE,G,1,201
602,FALSE,A,2,201
603,FALSE,A,3,201
604,FALSE,A,1,202
605,FALSE,A,2,202
606,FALSE,G,3,202
607,FALSE,A,1,203
608,FALSE,A,2,203
609,FALSE,A,3,203
610,FALSE,A,1,204
611,FALSE,T,2,204
612,FALSE,T,3,204
613,FALSE,A,1,205
614,FALSE,T,2,205
615,FALSE,T,3,205
616,FALSE,G,1,206
617,FALSE,A,2,206
618,FALSE,A,3,206
619,FALSE,A,1,207
620,FALSE,C,2,207
621,FALSE,G,3,207
622,FALSE,G,1,208
623,FALSE,A,2,208
624,FALSE,A,3,208
625,FALSE,T,1,209
626,FALSE,T,2,209
627,FALSE,A,3,209
628,FALSE,A,1,210
629,FALSE,G,2,210
630,FALSE,T,3,210
631,FALSE,G,1,211
632,FALSE,A,2,211
633,FALSE,T,3,211
634,FALSE,G,1,212
635,FALSE,C,2,212
636,FALSE,T,3,212
637,FALSE,A,1,213
638,FALSE,G,2,213
639,FALSE,T,3,213
640,FALSE,G,1,214
641,FALSE,A,2,214
642,FALSE,T,3,214
643,FALSE,T,1,215
644,FALSE,T,2,215
645,FALSE,T,3,215
646,FALSE,G,1,216
647,FALSE,A,2,216
648,FALSE,A,3,216
649,FALSE,A,1,217
650,FALSE,A,2,217
651,FALSE,T,3,217
652,FALSE,A,1,218
653,FALSE,T,2,218
654,FALSE,G,3,218
655,FALSE,G,1,219
656,FALSE,T,2,219
657,FALSE,A,3,219
658,FALSE,G,1,220
659,FALSE,G,2,220
660,FALSE,T,3,220
661,FALSE,G,1,221
662,FALSE,A,2,221
663,FALSE,T,3,221
664,FALSE,T,1,222
665,FALSE,T,2,222
666,FALSE,A,3,222
667,FALSE,A,1,223
668,FALSE,G,2,223
669,FALSE,A,3,223
670,FALSE,A,1,224
671,FALSE,T,2,224
672,FALSE,T,3,224
673,FALSE,A,1,225
674,FALSE,C,2,225
675,FALSE,A,3,225
676,FALSE,T,1,226
677,FALSE,T,2,226
678,FALSE,T,3,226
679,FALSE,A,1,227
680,FALSE,T,2,227
681,FALSE,T,3,227
682,FALSE,A,1,228
683,FALSE,A,2,228
684,FALSE,T,3,228
685,FALSE,T,1,229
686,FALSE,G,2,229
687,FALSE,G,3,229
688,FALSE,T,1,230
689,FALSE,T,2,230
690,FALSE,A,3,230
691,FALSE,A,1,231
692,FALSE,A,2,231
693,FALSE,A,3,231
694,FALSE,A,1,232
695,FALSE,A,2,232
696,FALSE,G,3,232
697,FALSE,A,1,233
698,FALSE,C,2,233
699,FALSE,A,3,233
700,FALSE,C,1,234
701,FALSE,A,2,234
702,FALSE,A,3,234
703,FALSE,A,1,235
704,FALSE,T,2,235
705,FALSE,G,3,235
706,FALSE,A,1,236
707,FALSE,A,2,236
708,FALSE,T,3,236
709,FALSE,T,1,237
710,FALSE,T,2,237
711,FALSE,T,3,237
712,FALSE,A,1,238
713,FALSE,T,2,238
714,FALSE,T,3,238
715,FALSE,C,1,239
716,FALSE,G,2,239
717,FALSE,A,3,239
718,FALSE,G,1,240
719,FALSE,A,2,240
720,FALSE,A,3,240
721,FALSE,A,1,241
722,FALSE,A,2,241
723,FALSE,A,3,241
724,FALSE,G,1,242
725,FALSE,A,2,242
726,FALSE,T,3,242
727,FALSE,A,1,243
728,FALSE,A,2,243
729,FALSE,A,3,243
730,FALSE,T,1,244
731,FALSE,T,2,244
732,FALSE,A,3,244
733,FALSE,T,1,245
734,FALSE,T,2,245
735,FALSE,T,3,245
736,FALSE,A,1,246
737,FALSE,A,2,246
738,FALSE,A,3,246
739,FALSE,G,1,247
740,FALSE,A,2,247
741,FALSE,T,3,247
742,FALSE,A,1,248
743,FALSE,A,2,248
744,FALSE,G,3,248
745,FALSE,A,1,249
746,FALSE,A,2,249
747,FALSE,A,3,249
748,FALSE,G,1,250
749,FALSE,A,2,250
750,FALSE,A,3,250
751,FALSE,C,1,251
752,FALSE,T,2,251
753,FALSE,A,3,251
754,FALSE,G,1,252
755,FALSE,A,2,252
756,FALSE,A,3,252
757,FALSE,A,1,253
758,FALSE,T,2,253
759,FALSE,G,3,253
760,FALSE,G,1,254
761,FALSE,A,2,254
762,FALSE,A,3,254
763,FALSE,A,1,255
764,FALSE,G,2,255
765,FALSE,A,3,255
766,FALSE,G,1,256
767,FALSE,T,2,256
768,FALSE,A,3,256
769,FALSE,C,1,257
770,FALSE,G,2,257
771,FALSE,A,3,257
772,FALSE,T,1,258
773,FALSE,T,2,258
774,FALSE,G,3,258
775,FALSE,T,1,259
776,FALSE,A,2,259
777,FALSE,C,3,259
778,FALSE,A,1,260
779,FALSE,A,2,260
780,FALSE,A,3,260
781,FALSE,G,1,261
782,FALSE,A,2,261
783,FALSE,A,3,261
784,FALSE,T,1,262
785,FALSE,T,2,262
786,FALSE,A,3,262
787,FALSE,G,1,263
788,FALSE,A,2,263
789,FALSE,A,3,263
790,FALSE,A,1,264
791,FALSE,A,2,264
792,FALSE,C,3,264
793,FALSE,C,1,265
794,FALSE,G,2,265
795,FALSE,T,3,265
796,FALSE,A,1,266
797,FALSE,A,2,266
798,FALSE,A,3,266
799,FALSE,A,1,267
800,FALSE,A,2,267
801,FALSE,T,3,267
802,FALSE,A,1,268
803,FALSE,T,2,268
804,FALSE,T,3,268
805,FALSE,G,1,269
806,FALSE,A,2,269
807,FALSE,A,3,269
808,FALSE,G,1,270
809,FALSE,A,2,270
810,FALSE,A,3,270
811,FALSE,C,1,271
812,FALSE,A,2,271
813,FALSE,G,3,271
814,FALSE,A,1,272
815,FALSE,A,2,272
816,FALSE,A,3,272
817,FALSE,T,1,273
818,FALSE,T,2,273
819,FALSE,A,3,273
820,FALSE,C,1,274
821,FALSE,A,2,274
822,FALSE,T,3,274
823,FALSE,G,1,275
824,FALSE,A,2,275
825,FALSE,T,3,275
826,FALSE,G,1,276
827,FALSE,A,2,276
828,FALSE,A,3,276
829,FALSE,A,1,277
830,FALSE,G,2,277
831,FALSE,A,3,277
832,FALSE,A,1,278
833,FALSE,A,2,278
834,FALSE,G,3,278
835,FALSE,A,1,279
836,FALSE,A,2,279
837,FALSE,A,3,279
838,FALSE,T,1,280
839,FALSE,T,2,280
840,FALSE,A,3,280
841,FALSE,G,1,281
842,FALSE,A,2,281
843,FALSE,T,3,281
844,FALSE,A,1,282
845,FALSE,T,2,282
846,FALSE,T,3,282
847,FALSE,G,1,283
848,FALSE,A,2,283
849,FALSE,T,3,283
850,FALSE,A,1,284
851,FALSE,T,2,284
852,FALSE,A,3,284
853,FALSE,T,1,285
854,FALSE,C,2,285
855,FALSE,T,3,285
856,FALSE,A,1,286
857,FALSE,A,2,286
858,FALSE,T,3,286
859,FALSE,G,1,287
860,FALSE,G,2,287
861,FALSE,T,3,287
862,FALSE,T,1,288
863,FALSE,A,2,288
864,FALSE,T,3,288
865,FALSE,A,1,289
866,FALSE,A,2,289
867,FALSE,A,3,289
868,FALSE,C,1,290
869,FALSE,A,2,290
870,FALSE,A,3,290
871,FALSE,A,1,291
872,FALSE,T,2,291
873,FALSE,A,3,291
874,FALSE,A,1,292
875,FALSE,A,2,292
876,FALSE,A,3,292
877,FALSE,A,1,293
878,FALSE,A,2,293
879,FALSE,A,3,293
880,FALSE,G,1,294
881,FALSE,A,2,294
882,FALSE,A,3,294
883,FALSE,A,1,295
884,FALSE,A,2,295
885,FALSE,A,3,295
886,FALSE,G,1,296
887,FALSE,A,2,296
888,FALSE,A,3,296
889,FALSE,G,1,297
890,FALSE,A,2,297
891,FALSE,A,3,297
892,FALSE,C,1,298
893,FALSE,A,2,298
894,FALSE,T,3,298
895,FALSE,A,1,299
896,FALSE,G,2,299
897,FALSE,G,3,299
898,FALSE,A,1,300
899,FALSE,A,2,300
900,FALSE,A,3,300
901,FALSE,C,1,301
902,FALSE,G,2,301
903,FALSE,A,3,301
904,FALSE,T,1,302
905,FALSE,T,2,302
906,FALSE,T,3,302
907,FALSE,G,1,303
908,FALSE,A,2,303
909,FALSE,T,3,303
910,FALSE,G,1,304
911,FALSE,A,2,304
912,FALSE,A,3,304
913,FALSE,G,1,305
914,FALSE,A,2,305
915,FALSE,A,3,305
916,FALSE,A,1,306
917,FALSE,G,2,306
918,FALSE,A,3,306
919,FALSE,T,1,307
920,FALSE,T,2,307
921,FALSE,A,3,307
922,FALSE,A,1,308
923,FALSE,G,2,308
924,FALSE,A,3,308
925,FALSE,T,1,309
926,FALSE,T,2,309
927,FALSE,T,3,309
928,FALSE,T,1,310
929,FALSE,T,2,310
930,FALSE,A,3,310
931,FALSE,C,1,311
932,FALSE,A,2,311
933,FALSE,A,3,311
934,FALSE,G,1,312
935,FALSE,A,2,312
936,FALSE,A,3,312
937,FALSE,A,1,313
938,FALSE,T,2,313
939,FALSE,C,3,313
940,FALSE,G,1,314
941,FALSE,A,2,314
942,FALSE,T,3,314
943,FALSE,A,1,315
944,FALSE,A,2,315
945,FALSE,A,3,315
946,FALSE,A,1,316
947,FALSE,T,2,316
948,FALSE,T,3,316
949,FALSE,A,1,317
950,FALSE,A,2,317
951,FALSE,A,3,317
952,FALSE,T,1,318
953,FALSE,T,2,318
954,FALSE,A,3,318
955,FALSE,G,1,319
956,FALSE,T,2,319
957,FALSE,A,3,319
958,FALSE,T,1,320
959,FALSE,T,2,320
960,FALSE,A,3,320
961,FALSE,T,1,321
962,FALSE,A,2,321
963,FALSE,T,3,321
964,FALSE,T,1,322
965,FALSE,T,2,322
966,FALSE,A,3,322
967,FALSE,G,1,323
968,FALSE,A,2,323
969,FALSE,A,3,323
970,FALSE,A,1,324
971,FALSE,A,2,324
972,FALSE,A,3,324
973,FALSE,G,1,325
974,FALSE,A,2,325
975,FALSE,A,3,325
976,FALSE,A,1,326
977,FALSE,A,2,326
978,FALSE,A,3,326
979,FALSE,T,1,327
980,FALSE,A,2,327
981,FALSE,T,3,327
982,FALSE,T,1,328
983,FALSE,A,2,328
984,FALSE,T,3,328
985,FALSE,C,1,329
986,FALSE,A,2,329
987,FALSE,A,3,329
988,FALSE,G,1,330
989,FALSE,A,2,330
990,FALSE,A,3,330
991,FALSE,T,1,331
992,FALSE,A,2,331
993,FALSE,T,3,331
994,FALSE,A,1,332
995,FALSE,A,2,332
996,FALSE,A,3,332
997,FALSE,A,1,333
998,FALSE,A,2,333
999,FALSE,T,3,333
1000,FALSE,T,1,334
1001,FALSE,T,2,334
1002,FALSE,T,3,334
1003,FALSE,G,1,335
1004,FALSE,A,2,335
1005,FALSE,G,3,335
1006,FALSE,A,1,336
1007,FALSE,A,2,336
1008,FALSE,T,3,336
1009,FALSE,G,1,337
1010,FALSE,A,2,337
1011,FALSE,T,3,337
1012,FALSE,A,1,338
1013,FALSE,A,2,338
1014,FALSE,A,3,338
1015,FALSE,A,1,339
1016,FALSE,A,2,339
1017,FALSE,A,3,339
1018,FALSE,A,1,340
1019,FALSE,A,2,340
1020,FALSE,A,3,340
1021,FALSE,A,1,341
1022,FALSE,T,2,341
1023,FALSE,T,3,341
1024,FALSE,G,1,342
1025,FALSE,T,2,342
1026,FALSE,T,3,342
1027,FALSE,G,1,343
1028,FALSE,A,2,343
1029,FALSE,T,3,343
1030,FALSE,G,1,344
1031,FALSE,C,2,344
1032,FALSE,A,3,344
1033,FALSE,A,1,345
1034,FALSE,A,2,345
1035,FALSE,T,3,345
1036,FALSE,A,1,346
1037,FALSE,T,2,346
1038,FALSE,T,3,346
1039,FALSE,G,1,347
1040,FALSE,C,2,347
1041,FALSE,T,3,347
1042,FALSE,A,1,348
1043,FALSE,C,2,348
1044,FALSE,T,3,348
1045,TRUE,G,1,349
1046,TRUE,A,2,349
1047,TRUE,A,3,349
1048,TRUE,A,1,350
1049,TRUE,C,2,350
1050,TRUE,T,3,350
1051,TRUE,A,1,351
1052,TRUE,T,2,351
1053,TRUE,G,3,351
1054,TRUE,A,1,352
1055,TRUE,T,2,352
1056,TRUE,T,3,352
1057,TRUE,G,1,353
1058,TRUE,A,2,353
1059,TRUE,T,3,353
1060,TRUE,A,1,354
1061,TRUE,T,2,354
1062,TRUE,T,3,354
1063,TRUE,A,1,355
1064,TRUE,A,2,355
1065,TRUE,T,3,355
1066,TRUE,G,1,356
1067,TRUE,T,2,356
1068,TRUE,T,3,356
1069,TRUE,G,1,357
1070,TRUE,G,2,357
1071,TRUE,T,3,357
1072,TRUE,G,1,358
1073,TRUE,G,2,358
1074,TRUE,A,3,358
1075,TRUE,G,1,359
1076,TRUE,C,2,359
1077,TRUE,T,3,359
1078,TRUE,A,1,360
1079,TRUE,T,2,360
1080,TRUE,T,3,360
1081,TRUE,T,1,361
1082,TRUE,T,2,361
1083,TRUE,T,3,361
1084,TRUE,G,1,362
1085,TRUE,A,2,362
1086,TRUE,A,3,362
1087,TRUE,A,1,363
1088,TRUE,C,2,363
1089,TRUE,A,3,363
1090,TRUE,T,1,364
1091,TRUE,C,2,364
1092,TRUE,T,3,364
1093,TRUE,A,1,365
1094,TRUE,G,2,365
1095,TRUE,A,3,365
1096,TRUE,C,1,366
1097,TRUE,A,2,366
1098,TRUE,T,3,366
1099,TRUE,A,1,367
1100,TRUE,C,2,367
1101,TRUE,C,3,367
1102,TRUE,T,1,368
1103,TRUE,T,2,368
1104,TRUE,A,3,368
1105,TRUE,A,1,369
1106,TRUE,C,2,369
1107,TRUE,A,3,369
1108,TRUE,C,1,370
1109,TRUE,A,2,370
1110,TRUE,A,3,370
1111,TRUE,C,1,371
1112,TRUE,A,2,371
1113,TRUE,A,3,371
1114,TRUE,A,1,372
1115,TRUE,A,2,372
1116,TRUE,A,3,372
1117,TRUE,G,1,373
1118,TRUE,A,2,373
1119,TRUE,T,3,373
1120,TRUE,T,1,374
1121,TRUE,C,2,374
1122,TRUE,A,3,374
1123,TRUE,T,1,375
1124,TRUE,T,2,375
1125,TRUE,T,3,375
1126,TRUE,A,1,376
1127,TRUE,T,2,376
1128,TRUE,A,3,376
1129,TRUE,G,1,377
1130,TRUE,A,2,377
1131,TRUE,G,3,377
1132,TRUE,A,1,378
1133,TRUE,A,2,378
1134,TRUE,A,3,378
1135,TRUE,T,1,379
1136,TRUE,T,2,379
1137,TRUE,A,3,379
1138,TRUE,T,1,380
1139,TRUE,T,2,380
1140,TRUE,A,3,380
1141,TRUE,A,1,381
1142,TRUE,G,2,381
1143,TRUE,T,3,381
1144,TRUE,G,1,382
1145,TRUE,G,2,382
1146,TRUE,A,3,382
1147,TRUE,A,1,383
1148,TRUE,G,2,383
1149,TRUE,A,3,383
1150,TRUE,C,1,384
1151,TRUE,A,2,384
1152,TRUE,T,3,384
1153,TRUE,C,1,385
1154,TRUE,A,2,385
1155,TRUE,T,3,385
1156,TRUE,G,1,386
1157,TRUE,T,2,386
1158,TRUE,A,3,386
1159,TRUE,A,1,387
1160,TRUE,C,2,387
1161,TRUE,C,3,387
1162,TRUE,A,1,388
1163,TRUE,G,2,388
1164,TRUE,A,3,388
1165,TRUE,G,1,389
1166,TRUE,A,2,389
1167,TRUE,T,3,389
1168,TRUE,A,1,390
1169,TRUE,A,2,390
1170,TRUE,A,3,390
1171,TRUE,C,1,391
1172,TRUE,A,2,391
1173,TRUE,A,3,391
1174,TRUE,G,1,392
1175,TRUE,G,2,392
1176,TRUE,A,3,392
1177,TRUE,A,1,393
1178,TRUE,G,2,393
1179,TRUE,A,3,393
1180,TRUE,A,1,394
1181,TRUE,T,2,394
1182,TRUE,A,3,394
1183,TRUE,T,1,395
1184,TRUE,T,2,395
1185,TRUE,C,3,395
1186,TRUE,T,1,396
1187,TRUE,T,2,396
1188,TRUE,A,3,396
1189,TRUE,G,1,397
1190,TRUE,A,2,397
1191,TRUE,T,3,397
1192,TRUE,A,1,398
1193,TRUE,G,2,398
1194,TRUE,G,3,398
1195,TRUE,G,1,399
1196,TRUE,A,2,399
1197,TRUE,T,3,399
1198,TRUE,A,1,400
1199,TRUE,G,2,400
1200,TRUE,T,3,400
1201,TRUE,G,1,401
1202,TRUE,A,2,401
1203,TRUE,G,3,401
1204,TRUE,T,1,402
1205,TRUE,T,2,402
1206,TRUE,A,3,402
1207,TRUE,T,1,403
1208,TRUE,T,2,403
1209,TRUE,T,3,403
1210,TRUE,A,1,404
1211,TRUE,G,2,404
1212,TRUE,A,3,404
1213,TRUE,A,1,405
1214,TRUE,T,2,405
1215,TRUE,T,3,405
1216,TRUE,A,1,406
1217,TRUE,T,2,406
1218,TRUE,A,3,406
1219,TRUE,C,1,407
1220,TRUE,T,2,407
1221,TRUE,T,3,407
1222,TRUE,A,1,408
1223,TRUE,A,2,408
1224,TRUE,C,3,408
1225,TRUE,T,1,409
1226,TRUE,T,2,409
1227,TRUE,C,3,409
1228,TRUE,T,1,410
1229,TRUE,T,2,410
1230,TRUE,A,3,410
1231,TRUE,A,1,411
1232,TRUE,G,2,411
1233,TRUE,A,3,411
1234,TRUE,A,1,412
1235,TRUE,A,2,412
1236,TRUE,T,3,412
1237,TRUE,C,1,413
1238,TRUE,C,2,413
1239,TRUE,G,3,413
1240,TRUE,T,1,414
1241,TRUE,T,2,414
1242,TRUE,A,3,414
1243,TRUE,A,1,415
1244,TRUE,C,2,415
1245,TRUE,T,3,415
1246,TRUE,A,1,416
1247,TRUE,T,2,416
1248,TRUE,A,3,416
1249,TRUE,C,1,417
1250,TRUE,C,2,417
1251,TRUE,C,3,417
1252,TRUE,A,1,418
1253,TRUE,T,2,418
1254,TRUE,A,3,418
1255,TRUE,C,1,419
1256,TRUE,C,2,419
1257,TRUE,A,3,419
1258,TRUE,A,1,420
1259,TRUE,A,2,420
1260,TRUE,A,3,420
1261,TRUE,G,1,421
1262,TRUE,A,2,421
1263,TRUE,T,3,421
1264,TRUE,T,1,422
1265,TRUE,T,2,422
1266,TRUE,A,3,422
1267,TRUE,A,1,423
1268,TRUE,G,2,423
1269,TRUE,T,3,423
1270,TRUE,G,1,424
1271,TRUE,A,2,424
1272,TRUE,A,3,424
1273,TRUE,A,1,425
1274,TRUE,G,2,425
1275,TRUE,T,3,425
1276,TRUE,G,1,426
1277,TRUE,A,2,426
1278,TRUE,A,3,426
1279,TRUE,G,1,427
1280,TRUE,C,2,427
1281,TRUE,C,3,427
1282,TRUE,T,1,428
1283,TRUE,T,2,428
1284,TRUE,G,3,428
1285,TRUE,T,1,429
1286,TRUE,T,2,429
1287,TRUE,G,3,429
1288,TRUE,A,1,430
1289,TRUE,A,2,430
1290,TRUE,A,3,430
1291,TRUE,G,1,431
1292,TRUE,A,2,431
1293,TRUE,A,3,431
1294,TRUE,G,1,432
1295,TRUE,C,2,432
1296,TRUE,A,3,432
1297,TRUE,G,1,433
1298,TRUE,A,2,433
1299,TRUE,A,3,433
1300,TRUE,T,1,434
1301,TRUE,T,2,434
1302,TRUE,T,3,434
1303,TRUE,T,1,435
1304,TRUE,A,2,435
1305,TRUE,T,3,435
1306,TRUE,G,1,436
1307,TRUE,G,2,436
1308,TRUE,T,3,436
1309,TRUE,A,1,437
1310,TRUE,T,2,437
1311,TRUE,T,3,437
1312,TRUE,A,1,438
1313,TRUE,A,2,438
1314,TRUE,A,3,438
1315,TRUE,T,1,439
1316,TRUE,T,2,439
1317,TRUE,T,3,439
1318,TRUE,T,1,440
1319,TRUE,T,2,440
1320,TRUE,A,3,440
1321,TRUE,C,1,441
1322,TRUE,C,2,441
1323,TRUE,A,3,441
1324,TRUE,T,1,442
1325,TRUE,T,2,442
1326,TRUE,C,3,442
1327,TRUE,C,1,443
1328,TRUE,C,2,443
1329,TRUE,A,3,443
1330,TRUE,T,1,444
1331,TRUE,T,2,444
1332,TRUE,A,3,444
1333,TRUE,G,1,445
1334,TRUE,T,2,445
1335,TRUE,A,3,445
1336,TRUE,T,1,446
1337,TRUE,T,2,446
1338,TRUE,T,3,446
1339,TRUE,T,1,447
1340,TRUE,G,2,447
1341,TRUE,T,3,447
1342,TRUE,A,1,448
1343,TRUE,T,2,448
1344,TRUE,A,3,448
1345,TRUE,G,1,449
1346,TRUE,G,2,449
1347,TRUE,T,3,449
1348,TRUE,G,1,450
1349,TRUE,G,2,450
1350,TRUE,A,3,450
1351,TRUE,T,1,451
1352,TRUE,T,2,451
1353,TRUE,T,3,451
1354,TRUE,G,1,452
1355,TRUE,A,2,452
1356,TRUE,T,3,452
1357,TRUE,G,1,453
1358,TRUE,G,2,453
1359,TRUE,T,3,453
1360,TRUE,G,1,454
1361,TRUE,T,2,454
1362,TRUE,A,3,454
1363,TRUE,G,1,455
1364,TRUE,A,2,455
1365,TRUE,A,3,455
1366,TRUE,T,1,456
1367,TRUE,A,2,456
1368,TRUE,T,3,456
1369,TRUE,T,1,457
1370,TRUE,T,2,457
1371,TRUE,A,3,457
1372,TRUE,A,1,458
1373,TRUE,A,2,458
1374,TRUE,T,3,458
1375,TRUE,T,1,459
1376,TRUE,C,2,459
1377,TRUE,G,3,459
1378,TRUE,A,1,460
1379,TRUE,T,2,460
1380,TRUE,G,3,460
1381,TRUE,G,1,461
1382,TRUE,A,2,461
1383,TRUE,A,3,461
1384,TRUE,T,1,462
1385,TRUE,T,2,462
1386,TRUE,A,3,462
1387,TRUE,T,1,463
1388,TRUE,T,2,463
1389,TRUE,A,3,463
1390,TRUE,G,1,464
1391,TRUE,A,2,464
1392,TRUE,T,3,464
1393,TRUE,A,1,465
1394,TRUE,T,2,465
1395,TRUE,T,3,465
1396,TRUE,A,1,466
1397,TRUE,G,2,466
1398,TRUE,T,3,466
1399,TRUE,C,1,467
1400,TRUE,A,2,467
1401,TRUE,A,3,467
1402,TRUE,C,1,468
1403,TRUE,A,2,468
1404,TRUE,A,3,468
1405,TRUE,T,1,469
1406,TRUE,G,2,469
1407,TRUE,C,3,469
1408,TRUE,T,1,470
1409,TRUE,G,2,470
1410,TRUE,G,3,470
1411,TRUE,C,1,471
1412,TRUE,G,2,471
1413,TRUE,T,3,471
1414,TRUE,A,1,472
1415,TRUE,T,2,472
1416,TRUE,G,3,472
1417,TRUE,T,1,473
1418,TRUE,G,2,473
1419,TRUE,T,3,473
1420,TRUE,A,1,474
1421,TRUE,C,2,474
1422,TRUE,A,3,474
1423,TRUE,C,1,475
1424,TRUE,C,2,475
1425,TRUE,T,3,475
1426,TRUE,A,1,476
1427,TRUE,T,2,476
1428,TRUE,G,3,476
1429,TRUE,T,1,477
1430,TRUE,C,2,477
1431,TRUE,T,3,477
1432,TRUE,A,1,478
1433,TRUE,C,2,478
1434,TRUE,C,3,478
1435,TRUE,A,1,479
1436,TRUE,A,2,479
1437,TRUE,A,3,479
1438,TRUE,A,1,480
1439,TRUE,A,2,480
1440,TRUE,A,3,480
1441,TRUE,G,1,481
1442,TRUE,C,2,481
1443,TRUE,T,3,481
1444,TRUE,T,1,482
1445,TRUE,A,2,482
1446,TRUE,T,3,482
1447,TRUE,T,1,483
1448,TRUE,T,2,483
1449,TRUE,T,3,483
1450,TRUE,G,1,484
1451,TRUE,G,2,484
1452,TRUE,A,3,484
1453,TRUE,A,1,485
1454,TRUE,G,2,485
1455,TRUE,T,3,485
1456,TRUE,G,1,486
1457,TRUE,C,2,486
1458,TRUE,T,3,486
1459,TRUE,G,1,487
1460,TRUE,T,2,487
1461,TRUE,A,3,487
1462,TRUE,T,1,488
1463,TRUE,T,2,488
1464,TRUE,G,3,488
1465,TRUE,A,1,489
1466,TRUE,A,2,489
1467,TRUE,T,3,489
1468,TRUE,A,1,490
1469,TRUE,A,2,490
1470,TRUE,T,3,490
1471,TRUE,T,1,491
1472,TRUE,T,2,491
1473,TRUE,C,3,491
1474,TRUE,T,1,492
1475,TRUE,T,2,492
1476,TRUE,A,3,492
1477,TRUE,T,1,493
1478,TRUE,A,2,493
1479,TRUE,C,3,493
1480,TRUE,G,1,494
1481,TRUE,T,2,494
1482,TRUE,T,3,494
1483,TRUE,T,1,495
1484,TRUE,T,2,495
1485,TRUE,T,3,495
1486,TRUE,G,1,496
1487,TRUE,G,2,496
1488,TRUE,T,3,496
1489,TRUE,G,1,497
1490,TRUE,G,2,497
1491,TRUE,T,3,497
1492,TRUE,A,1,498
1493,TRUE,A,2,498
1494,TRUE,T,3,498
1495,TRUE,A,1,499
1496,TRUE,A,2,499
1497,TRUE,C,3,499
1498,TRUE,T,1,500
1499,TRUE,A,2,500
1500,TRUE,T,3,500
1501,TRUE,G,1,501
1502,TRUE,A,2,501
1503,TRUE,T,3,501
1504,TRUE,T,1,502
1505,TRUE,A,2,502
1506,TRUE,T,3,502
1507,TRUE,A,1,503
1508,TRUE,A,2,503
1509,TRUE,G,3,503
1510,TRUE,G,1,504
1511,TRUE,C,2,504
1512,TRUE,T,3,504
1513,TRUE,T,1,505
1514,TRUE,T,2,505
1515,TRUE,A,3,505
1516,TRUE,T,1,506
1517,TRUE,T,2,506
1518,TRUE,T,3,506
1519,TRUE,G,1,507
1520,TRUE,A,2,507
1521,TRUE,A,3,507
1522,TRUE,A,1,508
1523,TRUE,C,2,508
1524,TRUE,T,3,508
1525,TRUE,G,1,509
1526,TRUE,A,2,509
1527,TRUE,G,3,509
1528,TRUE,G,1,510
1529,TRUE,T,2,510
1530,TRUE,G,3,510
1531,TRUE,T,1,511
1532,TRUE,A,2,511
1533,TRUE,T,3,511
1534,TRUE,G,1,512
1535,TRUE,A,2,512
1536,TRUE,T,3,512
1537,TRUE,C,1,513
1538,TRUE,G,2,513
1539,TRUE,T,3,513
1540,TRUE,T,1,514
1541,TRUE,T,2,514
1542,TRUE,A,3,514
1543,TRUE,A,1,515
1544,TRUE,G,2,515
1545,TRUE,A,3,515
1546,TRUE,G,1,516
1547,TRUE,A,2,516
1548,TRUE,T,3,516
1549,TRUE,G,1,517
1550,TRUE,T,2,517
1551,TRUE,A,3,517
1552,TRUE,T,1,518
1553,TRUE,G,2,518
1554,TRUE,G,3,518
1555,TRUE,T,1,519
1556,TRUE,A,2,519
1557,TRUE,T,3,519
1558,TRUE,G,1,520
1559,TRUE,T,2,520
1560,TRUE,T,3,520
1561,TRUE,T,1,521
1562,TRUE,C,2,521
1563,TRUE,A,3,521
1564,TRUE,A,1,522
1565,TRUE,G,2,522
1566,TRUE,T,3,522
1567,TRUE,A,1,523
1568,TRUE,A,2,523
1569,TRUE,T,3,523
1570,TRUE,T,1,524
1571,TRUE,T,2,524
1572,TRUE,A,3,524
1573,TRUE,A,1,525
1574,TRUE,A,2,525
1575,TRUE,T,3,525
1576,TRUE,A,1,526
1577,TRUE,T,2,526
1578,TRUE,A,3,526
1579,TRUE,C,1,527
1580,TRUE,C,2,527
1581,TRUE,T,3,527
1582,TRUE,A,1,528
1583,TRUE,G,2,528
1584,TRUE,A,3,528
1585,TRUE,A,1,529
1586,TRUE,G,2,529
1587,TRUE,A,3,529
1588,TRUE,A,1,530
1589,TRUE,A,2,530
1590,TRUE,T,3,530
1591,TRUE,A,1,531
1592,TRUE,A,2,531
1593,TRUE,T,3,531
1594,TRUE,T,1,532
1595,TRUE,G,2,532
1596,TRUE,T,3,532
1597,TRUE,G,1,533
1598,TRUE,G,2,533
1599,TRUE,T,3,533
1600,TRUE,G,1,534
1601,TRUE,T,2,534
1602,TRUE,T,3,534
1603,TRUE,A,1,535
1604,TRUE,C,2,535
1605,TRUE,G,3,535
1606,TRUE,T,1,536
1607,TRUE,C,2,536
1608,TRUE,A,3,536
1609,TRUE,A,1,537
1610,TRUE,A,2,537
1611,TRUE,T,3,537
1612,TRUE,G,1,538
1613,TRUE,G,2,538
1614,TRUE,T,3,538
1615,TRUE,A,1,539
1616,TRUE,G,2,539
1617,TRUE,A,3,539
1618,TRUE,A,1,540
1619,TRUE,T,2,540
1620,TRUE,T,3,540
1621,TRUE,T,1,541
1622,TRUE,A,2,541
1623,TRUE,T,3,541
1624,TRUE,T,1,542
1625,TRUE,G,2,542
1626,TRUE,T,3,542
1627,TRUE,A,1,543
1628,TRUE,T,2,543
1629,TRUE,T,3,543
1630,TRUE,G,1,544
1631,TRUE,G,2,544
1632,TRUE,G,3,544
1633,TRUE,G,1,545
1634,TRUE,G,2,545
1635,TRUE,A,3,545
1636,TRUE,T,1,546
1637,TRUE,A,2,546
1638,TRUE,T,3,546
1639,TRUE,G,1,547
1640,TRUE,A,2,547
1641,TRUE,T,3,547
1642,TRUE,G,1,548
1643,TRUE,G,2,548
1644,TRUE,C,3,548
1645,TRUE,T,1,549
1646,TRUE,C,2,549
1647,TRUE,T,3,549
1648,TRUE,T,1,550
1649,TRUE,C,2,550
1650,TRUE,T,3,550
1651,TRUE,A,1,551
1652,TRUE,T,2,551
1653,TRUE,T,3,551
1654,TRUE,A,1,552
1655,TRUE,T,2,552
1656,TRUE,A,3,552
1657,TRUE,C,1,553
1658,TRUE,C,2,553
1659,TRUE,G,3,553
1660,TRUE,A,1,554
1661,TRUE,A,2,554
1662,TRUE,T,3,554
1663,TRUE,G,1,555
1664,TRUE,T,2,555
1665,TRUE,A,3,555
1666,TRUE,G,1,556
1667,TRUE,A,2,556
1668,TRUE,A,3,556
1669,TRUE,G,1,557
1670,TRUE,C,2,557
1671,TRUE,A,3,557
1672,TRUE,T,1,558
1673,TRUE,A,2,558
1674,TRUE,T,3,558
1675,TRUE,G,1,559
1676,TRUE,A,2,559
1677,TRUE,T,3,559
1678,TRUE,C,1,560
1679,TRUE,A,2,560
1680,TRUE,T,3,560
1681,TRUE,C,1,561
1682,TRUE,G,2,561
1683,TRUE,T,3,561
1684,TRUE,A,1,562
1685,TRUE,T,2,562
1686,TRUE,G,3,562
1687,TRUE,A,1,563
1688,TRUE,A,2,563
1689,TRUE,A,3,563
1690,TRUE,G,1,564
1691,TRUE,C,2,564
1692,TRUE,A,3,564
1693,TRUE,T,1,565
1694,TRUE,G,2,565
1695,TRUE,G,3,565
1696,TRUE,G,1,566
1697,TRUE,T,2,566
1698,TRUE,A,3,566
1699,TRUE,G,1,567
1700,TRUE,A,2,567
1701,TRUE,G,3,567
1702,TRUE,G,1,568
1703,TRUE,T,2,568
1704,TRUE,G,3,568
1705,TRUE,G,1,569
1706,TRUE,C,2,569
1707,TRUE,A,3,569
1708,TRUE,C,1,570
1709,TRUE,C,2,570
1710,TRUE,T,3,570
1711,TRUE,T,1,571
1712,TRUE,T,2,571
1713,TRUE,G,3,571
1714,TRUE,A,1,572
1715,TRUE,A,2,572
1716,TRUE,T,3,572
1717,TRUE,A,1,573
1718,TRUE,C,2,573
1719,TRUE,C,3,573
1720,TRUE,C,1,574
1721,TRUE,C,2,574
1722,TRUE,T,3,574
1723,TRUE,A,1,575
1724,TRUE,G,2,575
1725,TRUE,A,3,575
1726,TRUE,T,1,576
1727,TRUE,C,2,576
1728,TRUE,A,3,576
1729,TRUE,T,1,577
1730,TRUE,C,2,577
1731,TRUE,A,3,577
1732,TRUE,G,1,578
1733,TRUE,C,2,578
1734,TRUE,T,3,578
1735,TRUE,A,1,579
1736,TRUE,T,2,579
1737,TRUE,G,3,579
1738,TRUE,T,1,580
1739,TRUE,G,2,580
1740,TRUE,T,3,580
1741,TRUE,G,1,581
1742,TRUE,T,2,581
1743,TRUE,T,3,581
1744,TRUE,G,1,582
1745,TRUE,C,2,582
1746,TRUE,T,3,582
1747,TRUE,T,1,583
1748,TRUE,T,2,583
1749,TRUE,T,3,583
1750,TRUE,G,1,584
1751,TRUE,A,2,584
1752,TRUE,T,3,584
1753,TRUE,A,1,585
1754,TRUE,A,2,585
1755,TRUE,T,3,585
1756,TRUE,A,1,586
1757,TRUE,A,2,586
1758,TRUE,A,3,586
1759,TRUE,A,1,587
1760,TRUE,T,2,587
1761,TRUE,T,3,587
1762,TRUE,T,1,588
1763,TRUE,A,2,588
1764,TRUE,T,3,588
1765,TRUE,G,1,589
1766,TRUE,T,2,589
1767,TRUE,C,3,589
1768,TRUE,A,1,590
1769,TRUE,T,2,590
1770,TRUE,T,3,590
1771,TRUE,G,1,591
1772,TRUE,G,2,591
1773,TRUE,T,3,591
1774,TRUE,G,1,592
1775,TRUE,G,2,592
1776,TRUE,A,3,592
1777,TRUE,A,1,593
1778,TRUE,C,2,593
1779,TRUE,T,3,593
1780,TRUE,A,1,594
1781,TRUE,A,2,594
1782,TRUE,T,3,594
1783,TRUE,G,1,595
1784,TRUE,G,2,595
1785,TRUE,T,3,595
1786,TRUE,G,1,596
1787,TRUE,A,2,596
1788,TRUE,G,3,596
1789,TRUE,A,1,597
1790,TRUE,G,2,597
1791,TRUE,A,3,597
1792,TRUE,T,1,598
1793,TRUE,T,2,598
1794,TRUE,A,3,598
1795,TRUE,A,1,599
1796,TRUE,A,2,599
1797,TRUE,T,3,599
1798,TRUE,T,1,600
1799,TRUE,C,2,600
1800,TRUE,T,3,600
1801,TRUE,A,1,601
1802,TRUE,T,2,601
1803,TRUE,T,3,601
1804,TRUE,G,1,602
1805,TRUE,A,2,602
1806,TRUE,A,3,602
1807,TRUE,G,1,603
1808,TRUE,T,2,603
1809,TRUE,A,3,603
1810,TRUE,T,1,604
1811,TRUE,A,2,604
1812,TRUE,T,3,604
1813,TRUE,G,1,605
1814,TRUE,A,2,605
1815,TRUE,A,3,605
1816,TRUE,G,1,606
1817,TRUE,A,2,606
1818,TRUE,A,3,606
1819,TRUE,A,1,607
1820,TRUE,A,2,607
1821,TRUE,A,3,607
1822,TRUE,A,1,608
1823,TRUE,T,2,608
1824,TRUE,G,3,608
1825,TRUE,A,1,609
1826,TRUE,A,2,609
1827,TRUE,T,3,609
1828,TRUE,A,1,610
1829,TRUE,A,2,610
1830,TRUE,A,3,610
1831,TRUE,T,1,611
1832,TRUE,G,2,611
1833,TRUE,G,3,611
1834,TRUE,G,1,612
1835,TRUE,A,2,612
1836,TRUE,A,3,612
1837,TRUE,C,1,613
1838,TRUE,A,2,613
1839,TRUE,A,3,613
1840,TRUE,T,1,614
1841,TRUE,T,2,614
1842,TRUE,T,3,614
1843,TRUE,C,1,615
1844,TRUE,C,2,615
1845,TRUE,A,3,615
1846,TRUE,T,1,616
1847,TRUE,A,2,616
1848,TRUE,T,3,616
1849,TRUE,G,1,617
1850,TRUE,C,2,617
1851,TRUE,C,3,617
1852,TRUE,T,1,618
1853,TRUE,T,2,618
1854,TRUE,A,3,618
1855,TRUE,T,1,619
1856,TRUE,T,2,619
1857,TRUE,A,3,619
1858,TRUE,G,1,620
1859,TRUE,A,2,620
1860,TRUE,A,3,620
1861,TRUE,G,1,621
1862,TRUE,C,2,621
1863,TRUE,T,3,621
1864,TRUE,A,1,622
1865,TRUE,G,2,622
1866,TRUE,A,3,622
1867,TRUE,A,1,623
1868,TRUE,G,2,623
1869,TRUE,T,3,623
1870,TRUE,T,1,624
1871,TRUE,C,2,624
1872,TRUE,A,3,624
1873,TRUE,G,1,625
1874,TRUE,G,2,625
1875,TRUE,A,3,625
1876,TRUE,G,1,626
1877,TRUE,C,2,626
1878,TRUE,A,3,626
1879,TRUE,G,1,627
1880,TRUE,C,2,627
1881,TRUE,T,3,627
1882,TRUE,T,1,628
1883,TRUE,T,2,628
1884,TRUE,T,3,628
1885,TRUE,A,1,629
1886,TRUE,A,2,629
1887,TRUE,T,3,629
1888,TRUE,T,1,630
1889,TRUE,A,2,630
1890,TRUE,C,3,630
1891,TRUE,C,1,631
1892,TRUE,T,2,631
1893,TRUE,T,3,631
1894,TRUE,A,1,632
1895,TRUE,A,2,632
1896,TRUE,T,3,632
1897,TRUE,C,1,633
1898,TRUE,A,2,633
1899,TRUE,A,3,633
1900,TRUE,A,1,634
1901,TRUE,T,2,634
1902,TRUE,A,3,634
1903,TRUE,T,1,635
1904,TRUE,A,2,635
1905,TRUE,T,3,635
1906,TRUE,G,1,636
1907,TRUE,T,2,636
1908,TRUE,T,3,636
1909,TRUE,G,1,637
1910,TRUE,T,2,637
1911,TRUE,T,3,637
1912,TRUE,G,1,638
1913,TRUE,G,2,638
1914,TRUE,A,3,638
1915,TRUE,G,1,639
1916,TRUE,G,2,639
1917,TRUE,T,3,639
1918,TRUE,A,1,640
1919,TRUE,T,2,640
1920,TRUE,T,3,640
1921,TRUE,G,1,641
1922,TRUE,A,2,641
1923,TRUE,T,3,641
1924,TRUE,A,1,642
1925,TRUE,A,2,642
1926,TRUE,T,3,642
1927,TRUE,G,1,643
1928,TRUE,A,2,643
1929,TRUE,A,3,643
1930,TRUE,C,1,644
1931,TRUE,A,2,644
1932,TRUE,T,3,644
1933,TRUE,A,1,645
1934,TRUE,A,2,645
1935,TRUE,C,3,645
1936,TRUE,A,1,646
1937,TRUE,T,2,646
1938,TRUE,A,3,646
1939,TRUE,T,1,647
1940,TRUE,T,2,647
1941,TRUE,A,3,647
1942,TRUE,G,1,648
1943,TRUE,A,2,648
1944,TRUE,T,3,648
1945,TRUE,T,1,649
1946,TRUE,C,2,649
1947,TRUE,C,3,649
1948,TRUE,G,1,650
1949,TRUE,T,2,650
1950,TRUE,T,3,650
1951,TRUE,G,1,651
1952,TRUE,A,2,651
1953,TRUE,A,3,651
1954,TRUE,C,1,652
1955,TRUE,A,2,652
1956,TRUE,A,3,652
1957,TRUE,T,1,653
1958,TRUE,A,2,653
1959,TRUE,T,3,653
1960,TRUE,C,1,654
1961,TRUE,A,2,654
1962,TRUE,A,3,654
1963,TRUE,C,1,655
1964,TRUE,C,2,655
1965,TRUE,A,3,655
1966,TRUE,T,1,656
1967,TRUE,T,2,656
1968,TRUE,T,3,656
1969,TRUE,A,1,657
1970,TRUE,A,2,657
1971,TRUE,T,3,657
1972,TRUE,A,1,658
1973,TRUE,A,2,658
1974,TRUE,A,3,658
1975,TRUE,A,1,659
1976,TRUE,G,2,659
1977,TRUE,A,3,659
1978,TRUE,T,1,660
1979,TRUE,G,2,660
1980,TRUE,G,3,660
1981,TRUE,C,1,661
1982,TRUE,A,2,661
1983,TRUE,A,3,661
1984,TRUE,T,1,662
1985,TRUE,T,2,662
1986,TRUE,T,3,662
1987,TRUE,C,1,663
1988,TRUE,T,2,663
1989,TRUE,A,3,663
1990,TRUE,A,1,664
1991,TRUE,A,2,664
1992,TRUE,T,3,664
1993,TRUE,G,1,665
1994,TRUE,G,2,665
1995,TRUE,T,3,665
1996,TRUE,G,1,666
1997,TRUE,T,2,666
1998,TRUE,A,3,666
1999,TRUE,C,1,667
2000,TRUE,C,2,667
2001,TRUE,A,3,667
2002,TRUE,G,1,668
2003,TRUE,A,2,668
2004,TRUE,G,3,668
2005,TRUE,A,1,669
2006,TRUE,A,2,669
2007,TRUE,A,3,669
2008,TRUE,A,1,670
2009,TRUE,A,2,670
2010,TRUE,A,3,670
2011,TRUE,A,1,671
2012,TRUE,T,2,671
2013,TRUE,G,3,671
2014,TRUE,A,1,672
2015,TRUE,A,2,672
2016,TRUE,T,3,672
2017,TRUE,T,1,673
2018,TRUE,T,2,673
2019,TRUE,T,3,673
2020,TRUE,G,1,674
2021,TRUE,G,2,674
2022,TRUE,A,3,674
2023,TRUE,G,1,675
2024,TRUE,C,2,675
2025,TRUE,T,3,675
2026,TRUE,G,1,676
2027,TRUE,C,2,676
2028,TRUE,C,3,676
2029,TRUE,A,1,677
2030,TRUE,C,2,677
2031,TRUE,A,3,677
2032,TRUE,T,1,678
2033,TRUE,T,2,678
2034,TRUE,G,3,678
2035,TRUE,T,1,679
2036,TRUE,C,2,679
2037,TRUE,A,3,679
2038,TRUE,G,1,680
2039,TRUE,A,2,680
2040,TRUE,T,3,680
2041,TRUE,T,1,681
2042,TRUE,C,2,681
2043,TRUE,T,3,681
2044,TRUE,T,1,682
2045,TRUE,A,2,682
2046,TRUE,T,3,682
2047,TRUE,A,1,683
2048,TRUE,T,2,683
2049,TRUE,A,3,683
2050,TRUE,A,1,684
2051,TRUE,T,2,684
2052,TRUE,T,3,684
2053,TRUE,A,1,685
2054,TRUE,C,2,685
2055,TRUE,A,3,685
2056,TRUE,G,1,686
2057,TRUE,G,2,686
2058,TRUE,A,3,686
2059,TRUE,G,1,687
2060,TRUE,G,2,687
2061,TRUE,A,3,687
2062,TRUE,G,1,688
2063,TRUE,A,2,688
2064,TRUE,A,3,688
2065,TRUE,A,1,689
2066,TRUE,A,2,689
2067,TRUE,T,3,689
2068,TRUE,G,1,690
2069,TRUE,G,2,690
2070,TRUE,C,3,690
2071,TRUE,G,1,691
2072,TRUE,A,2,691
2073,TRUE,A,3,691
2074,TRUE,G,1,692
2075,TRUE,T,2,692
2076,TRUE,T,3,692
2077,TRUE,C,1,693
2078,TRUE,T,2,693
2079,TRUE,A,3,693
2080,TRUE,A,1,694
2081,TRUE,A,2,694
2082,TRUE,T,3,694
2083,TRUE,T,1,695
2084,TRUE,C,2,695
2085,TRUE,A,3,695
2086,TRUE,T,1,696
2087,TRUE,G,2,696
2088,TRUE,T,3,696
2089,TRUE,C,1,697
2090,TRUE,A,2,697
2091,TRUE,T,3,697
2092,TRUE,T,1,698
2093,TRUE,T,2,698
2094,TRUE,C,3,698
2095,TRUE,T,1,699
2096,TRUE,T,2,699
2097,TRUE,T,3,699
2098,TRUE,T,1,700
2099,TRUE,C,2,700
2100,TRUE,A,3,700
2101,TRUE,C,1,701
2102,TRUE,C,2,701
2103,TRUE,A,3,701
2104,TRUE,G,1,702
2105,TRUE,A,2,702
2106,TRUE,T,3,702
2107,TRUE,A,1,703
2108,TRUE,C,2,703
2109,TRUE,A,3,703
2110,TRUE,A,1,704
2111,TRUE,A,2,704
2112,TRUE,T,3,704
2113,TRUE,G,1,705
2114,TRUE,A,2,705
2115,TRUE,A,3,705
2116,TRUE,T,1,706
2117,TRUE,G,2,706
2118,TRUE,G,3,706
2119,TRUE,C,1,707
2120,TRUE,A,2,707
2121,TRUE,G,3,707
2122,TRUE,C,1,708
2123,TRUE,T,2,708
2124,TRUE,T,3,708
2125,TRUE,G,1,709
2126,TRUE,G,2,709
2127,TRUE,C,3,709
2128,TRUE,C,1,710
2129,TRUE,C,2,710
2130,TRUE,A,3,710
2131,TRUE,T,1,711
2132,TRUE,C,2,711
2133,TRUE,T,3,711
2134,TRUE,T,1,712
2135,TRUE,T,2,712
2136,TRUE,A,3,712
2137,TRUE,T,1,713
2138,TRUE,T,2,713
2139,TRUE,A,3,713
2140,TRUE,G,1,714
2141,TRUE,T,2,714
2142,TRUE,T,3,714
2143,TRUE,C,1,715
2144,TRUE,C,2,715
2145,TRUE,C,3,715
2146,TRUE,A,1,716
2147,TRUE,G,2,716
2148,TRUE,A,3,716
2149,TRUE,T,1,717
2150,TRUE,T,2,717
2151,TRUE,T,3,717
2152,TRUE,G,1,718
2153,TRUE,G,2,718
2154,TRUE,T,3,718
2155,TRUE,C,1,719
2156,TRUE,A,2,719
2157,TRUE,C,3,719
2158,TRUE,T,1,720
2159,TRUE,C,2,720
2160,TRUE,C,3,720
2161,TRUE,G,1,721
2162,TRUE,T,2,721
2163,TRUE,T,3,721
2164,TRUE,T,1,722
2165,TRUE,T,2,722
2166,TRUE,A,3,722
2167,TRUE,A,1,723
2168,TRUE,T,2,723
2169,TRUE,A,3,723
2170,TRUE,G,1,724
2171,TRUE,C,2,724
2172,TRUE,A,3,724
2173,TRUE,A,1,725
2174,TRUE,A,2,725
2175,TRUE,T,3,725
2176,TRUE,A,1,726
2177,TRUE,T,2,726
2178,TRUE,A,3,726
2179,FALSE,T,1,727
2180,FALSE,A,2,727
2181,FALSE,A,3,727
