aa_change,classification,source,source_url,accessed_date,notes
F446I,validated,WHO Artemisinin partial resistance Q&A,https://www.who.int/news-room/questions-and-answers/item/artemisinin-resistance,2026-06-26,PfKelch13 marker of artemisinin partial resistance.
N458Y,validated,WHO Artemisinin partial resistance Q&A,https://www.who.int/news-room/questions-and-answers/item/artemisinin-resistance,2026-06-26,PfKelch13 marker of artemisinin partial resistance.
C469Y,validated,WHO Artemisinin partial resistance Q&A,https://www.who.int/news-room/questions-and-answers/item/artemisinin-resistance,2026-06-26,PfKelch13 marker of artemisinin partial resistance.
M476I,validated,WHO Artemisinin partial resistance Q&A,https://www.who.int/news-room/questions-and-answers/item/artemisinin-resistance,2026-06-26,PfKelch13 marker of artemisinin partial resistance.
Y493H,validated,WHO Artemisinin partial resistance Q&A,https://www.who.int/news-room/questions-and-answers/item/artemisinin-resistance,2026-06-26,PfKelch13 marker of artemisinin partial resistance.
R539T,validated,WHO Artemisinin partial resistance Q&A,https://www.who.int/news-room/questions-and-answers/item/artemisinin-resistance,2026-06-26,PfKelch13 marker of artemisinin partial resistance.
I543T,validated,WHO Artemisinin partial resistance Q&A,https://www.who.int/news-room/questions-and-answers/item/artemisinin-resistance,2026-06-26,PfKelch13 marker of artemisinin partial resistance.
P553L,validated,WHO Artemisinin partial resistance Q&A,https://www.who.int/news-room/questions-and-answers/item/artemisinin-resistance,2026-06-26,PfKelch13 marker of artemisinin partial resistance.
R561H,validated,WHO Artemisinin partial resistance Q&A,https://www.who.int/news-room/questions-and-answers/item/artemisinin-resistance,2026-06-26,PfKelch13 marker of artemisinin partial resistance.
P574L,validated,WHO Artemisinin partial resistance Q&A,https://www.who.int/news-room/questions-and-answers/item/artemisinin-resistance,2026-06-26,PfKelch13 marker of artemisinin partial resistance.
C580Y,validated,WHO Artemisinin partial resistance Q&A,https://www.who.int/news-room/questions-and-answers/item/artemisinin-resistance,2026-06-26,PfKelch13 marker of artemisinin partial resistance.
R622I,validated,WHO Artemisinin partial resistance Q&A,https://www.who.int/news-room/questions-and-answers/item/artemisinin-resistance,2026-06-26,PfKelch13 marker of artemisinin partial resistance.
A675V,validated,WHO Artemisinin partial resistance Q&A,https://www.who.int/news-room/questions-and-answers/item/artemisinin-resistance,2026-06-26,PfKelch13 marker of artemisinin partial resistance.
P441L,candidate_or_associated,WHO Artemisinin partial resistance Q&A,https://www.who.int/news-room/questions-and-answers/item/artemisinin-resistance,2026-06-26,PfKelch13 candidate or associated marker.
G449A,candidate_or_associated,WHO Artemisinin partial resistance Q&A,https://www.who.int/news-room/questions-and-answers/item/artemisinin-resistance,2026-06-26,PfKelch13 candidate or associated marker.
C469F,candidate_or_associated,WHO Artemisinin partial resistance Q&A,https://www.who.int/news-room/questions-and-answers/item/artemisinin-resistance,2026-06-26,PfKelch13 candidate or associated marker.
A481V,candidate_or_associated,WHO Artemisinin partial resistance Q&A,https://www.who.int/news-room/questions-and-answers/item/artemisinin-resistance,2026-06-26,PfKelch13 candidate or associated marker.
R515K,candidate_or_associated,WHO Artemisinin partial resistance Q&A,https://www.who.int/news-room/questions-and-answers/item/artemisinin-resistance,2026-06-26,PfKelch13 candidate or associated marker.
P527H,candidate_or_associated,WHO Artemisinin partial resistance Q&A,https://www.who.int/news-room/questions-and-answers/item/artemisinin-resistance,2026-06-26,PfKelch13 candidate or associated marker.
N537I,candidate_or_associated,WHO Artemisinin partial resistance Q&A,https://www.who.int/news-room/questions-and-answers/item/artemisinin-resistance,2026-06-26,PfKelch13 candidate or associated marker.
N537D,candidate_or_associated,WHO Artemisinin partial resistance Q&A,https://www.who.int/news-room/questions-and-answers/item/artemisinin-resistance,2026-06-26,PfKelch13 candidate or associated marker.
G538V,candidate_or_associated,WHO Artemisinin partial resistance Q&A,https://www.who.int/news-room/questions-and-answers/item/artemisinin-resistance,2026-06-26,PfKelch13 candidate or associated marker.
V568G,candidate_or_associated,WHO Artemisinin partial resistance Q&A,https://www.who.int/news-room/questions-and-answers/item/artemisinin-resistance,2026-06-26,PfKelch13 candidate or associated marker.
